,model,fill_method,accuracy,precision,recall,f1
0,RANDOM_FOREST,knn,1.0,1.0,1.0,1.0
1,XGBOOST,knn,1.0,1.0,1.0,1.0
2,LOGISTIC,knn,0.9916666666666667,0.9791666666666666,1.0,0.9894736842105263
3,RANDOM_FOREST,mice,1.0,1.0,1.0,1.0
4,XGBOOST,mice,1.0,1.0,1.0,1.0
5,LOGISTIC,mice,0.9916666666666667,0.9791666666666666,1.0,0.9894736842105263
